{
    "TFIDF": {
        "params": {
            "clf__criterion": "gini",
            "clf__max_depth": 10,
            "clf__max_features": "sqrt",
            "clf__min_samples_leaf": 15,
            "clf__min_samples_split": 10,
            "clf__n_estimators": 400
        },
        "metrics": {
            "accuracy": {
                "train": {
                    "folds": [
                        0.7317380352644837,
                        0.7287602265575834,
                        0.7293895531780994,
                        0.7325361862806796,
                        0.723725613593455
                    ],
                    "mean": 0.7292299229748602,
                    "std": 0.0030908096867061354
                },
                "test": {
                    "folds": [
                        0.6809045226130653,
                        0.6473551637279596,
                        0.6397984886649875,
                        0.6221662468513854,
                        0.6120906801007556
                    ],
                    "mean": 0.6404630203916307,
                    "std": 0.023762238782045572
                }
            },
            "f1_weighted": {
                "train": {
                    "folds": [
                        0.699161097851678,
                        0.7006925080718134,
                        0.705019712924106,
                        0.7074315995496357,
                        0.6897662924830618
                    ],
                    "mean": 0.7004142421760591,
                    "std": 0.006090653505013681
                },
                "test": {
                    "folds": [
                        0.6482097784985987,
                        0.605667598292583,
                        0.6084639104349328,
                        0.5995771600533331,
                        0.568516793205627
                    ],
                    "mean": 0.6060870480970149,
                    "std": 0.025432469499211022
                }
            },
            "precision_weighted": {
                "train": {
                    "folds": [
                        0.7484733652516736,
                        0.7804165414779043,
                        0.7488014475057279,
                        0.7807118410973426,
                        0.741846043129852
                    ],
                    "mean": 0.7600498476925001,
                    "std": 0.016933045445104107
                },
                "test": {
                    "folds": [
                        0.6544418356379907,
                        0.6519007025306046,
                        0.6490582463748816,
                        0.6612367361343044,
                        0.6670221835588701
                    ],
                    "mean": 0.6567319408473302,
                    "std": 0.006536869404222093
                }
            },
            "recall_weighted": {
                "train": {
                    "folds": [
                        0.7317380352644837,
                        0.7287602265575834,
                        0.7293895531780994,
                        0.7325361862806796,
                        0.723725613593455
                    ],
                    "mean": 0.7292299229748602,
                    "std": 0.0030908096867061354
                },
                "test": {
                    "folds": [
                        0.6809045226130653,
                        0.6473551637279596,
                        0.6397984886649875,
                        0.6221662468513854,
                        0.6120906801007556
                    ],
                    "mean": 0.6404630203916307,
                    "std": 0.023762238782045572
                }
            }
        }
    },
    "W2V": {
        "params": {
            "clf__criterion": "entropy",
            "clf__max_depth": 8,
            "clf__max_features": "sqrt",
            "clf__min_samples_leaf": 15,
            "clf__min_samples_split": 10,
            "clf__n_estimators": 400
        },
        "metrics": {
            "accuracy": {
                "train": {
                    "folds": [
                        0.7405541561712846,
                        0.7350534927627439,
                        0.7476400251730648,
                        0.7300188797986155,
                        0.7350534927627439
                    ],
                    "mean": 0.7376640093336906,
                    "std": 0.005999190610619953
                },
                "test": {
                    "folds": [
                        0.5778894472361809,
                        0.5843828715365239,
                        0.5717884130982368,
                        0.6020151133501259,
                        0.5717884130982368
                    ],
                    "mean": 0.5815728516638609,
                    "std": 0.011232276873379653
                }
            },
            "f1_weighted": {
                "train": {
                    "folds": [
                        0.7345728395980996,
                        0.7289895103694904,
                        0.7359355165747545,
                        0.7244255490370364,
                        0.7238023194017877
                    ],
                    "mean": 0.7295451469962337,
                    "std": 0.00501225698370041
                },
                "test": {
                    "folds": [
                        0.5686791072672602,
                        0.577176539334793,
                        0.5656638460214714,
                        0.5986360412972253,
                        0.5569339973536443
                    ],
                    "mean": 0.5734179062548789,
                    "std": 0.014173091238371458
                }
            },
            "precision_weighted": {
                "train": {
                    "folds": [
                        0.781878064150295,
                        0.7738010027638661,
                        0.7849120152816049,
                        0.7770612042624058,
                        0.7740379076567814
                    ],
                    "mean": 0.7783380388229906,
                    "std": 0.004392153834734753
                },
                "test": {
                    "folds": [
                        0.5899245249033663,
                        0.6229925559209617,
                        0.6009909346592559,
                        0.6304668100333168,
                        0.583641598524524
                    ],
                    "mean": 0.6056032848082851,
                    "std": 0.01827563726344795
                }
            },
            "recall_weighted": {
                "train": {
                    "folds": [
                        0.7405541561712846,
                        0.7350534927627439,
                        0.7476400251730648,
                        0.7300188797986155,
                        0.7350534927627439
                    ],
                    "mean": 0.7376640093336906,
                    "std": 0.005999190610619953
                },
                "test": {
                    "folds": [
                        0.5778894472361809,
                        0.5843828715365239,
                        0.5717884130982368,
                        0.6020151133501259,
                        0.5717884130982368
                    ],
                    "mean": 0.5815728516638609,
                    "std": 0.011232276873379653
                }
            }
        }
    },
    "SBERT": {
        "params": {
            "clf__criterion": "entropy",
            "clf__max_depth": 9,
            "clf__max_features": "log2",