{
    "TFIDF": {
        "params": {
            "clf__criterion": "gini",
            "clf__max_depth": 10,
            "clf__max_features": "sqrt",
            "clf__min_samples_leaf": 15,
            "clf__min_samples_split": 10,
            "clf__n_estimators": 400
        },
        "metrics": {
            "accuracy": {
                "train": {
                    "folds": [
                        0.7317380352644837,
                        0.7287602265575834,
                        0.7293895531780994,
                        0.7325361862806796,
                        0.723725613593455
                    ],
                    "mean": 0.7292299229748602,
                    "std": 0.0030908096867061354
                },
                "test": {
                    "folds": [
                        0.6809045226130653,
                        0.6473551637279596,
                        0.6397984886649875,
                        0.6221662468513854,
                        0.6120906801007556
                    ],
                    "mean": 0.6404630203916307,
                    "std": 0.023762238782045572
                }
            },
            "f1_weighted": {
                "train": {
                    "folds": [
                        0.699161097851678,
                        0.7006925080718134,
                        0.705019712924106,
                        0.7074315995496357,
                        0.6897662924830618
                    ],
                    "mean": 0.7004142421760591,
                    "std": 0.006090653505013681
                },
                "test": {
                    "folds": [
                        0.6482097784985987,
                        0.605667598292583,
                        0.6084639104349328,
                        0.5995771600533331,
                        0.568516793205627
                    ],
                    "mean": 0.6060870480970149,
                    "std": 0.025432469499211022
                }
            },
            "precision_weighted": {
                "train": {
                    "folds": [
                        0.7484733652516736,
                        0.7804165414779043,
                        0.7488014475057279,
                        0.7807118410973426,
                        0.741846043129852
                    ],
                    "mean": 0.7600498476925001,
                    "std": 0.016933045445104107
                },
                "test": {
                    "folds": [
                        0.6544418356379907,
                        0.6519007025306046,
                        0.6490582463748816,
                        0.6612367361343044,
                        0.6670221835588701
                    ],
                    "mean": 0.6567319408473302,
                    "std": 0.006536869404222093
                }
            },
            "recall_weighted": {
                "train": {
                    "folds": [
                        0.7317380352644837,
                        0.7287602265575834,
                        0.7293895531780994,
                        0.7325361862806796,
                        0.723725613593455
                    ],
                    "mean": 0.7292299229748602,
                    "std": 0.0030908096867061354
                },
                "test": {
                    "folds": [
                        0.6809045226130653,
                        0.6473551637279596,
                        0.6397984886649875,
                        0.6221662468513854,
                        0.6120906801007556
                    ],
                    "mean": 0.6404630203916307,
                    "std": 0.023762238782045572
                }
            },
            "roc_auc_ovr_weighted": {
                "train": {
                    "folds": [
                        0.9879489777077295,
                        0.9883659011366158,
                        0.9881764669742488,
                        0.9876617038243654,
                        0.9886262898235895
                    ],
                    "mean": 0.9881558678933097,
                    "std": 0.00033251669246592926
                },
                "test": {
                    "folds": [
                        0.9677398102373057,
                        0.9720739216328368,
                        0.962079967650108,
                        0.9683114859173427,
                        0.9608670816801891
                    ],
                    "mean": 0.9662144534235564,
                    "std": 0.004165236693332699
                }
            }
        }
    },
    "W2V": {
        "params": {
            "clf__criterion": "entropy",
            "clf__max_depth": 10,
            "clf__max_features": "sqrt",
            "clf__min_samples_leaf": 15,
            "clf__min_samples_split": 10,
            "clf__n_estimators": 700
        },
        "metrics": {
            "accuracy": {
                "train": {
                    "folds": [
                        0.7367758186397985,
                        0.7319068596601637,
                        0.7451227186910007,
                        0.736941472624292,
                        0.7394587791063562
                    ],
                    "mean": 0.7380411297443222,
                    "std": 0.004303444182551004
                },
                "test": {
                    "folds": [
                        0.6005025125628141,
                        0.5894206549118388,
                        0.5591939546599496,
                        0.5869017632241813,
                        0.5818639798488665
                    ],
                    "mean": 0.58357657304153,
                    "std": 0.013631893969079855
                }
            },
            "f1_weighted": {
                "train": {
                    "folds": [
                        0.7272514189748153,
                        0.7240750184589344,
                        0.7362256506119186,
                        0.7272912058253984,
                        0.7298007362002426
                    ],
                    "mean": 0.7289288060142618,
                    "std": 0.004075753148130958
                },
                "test": {
                    "folds": [
                        0.5850600052905032,
                        0.5798742737625081,
                        0.5534292696299608,
                        0.5818641052907376,
                        0.5695812875548402
                    ],
                    "mean": 0.57396178830571,
                    "std": 0.011500848909959817
                }
            },
            "precision_weighted": {
                "train": {
                    "folds": [
                        0.7812579928756853,
                        0.7652722636975873,
                        0.787418772337047,
                        0.7739998611856073,
                        0.7786877604648744
                    ],
                    "mean": 0.7773273301121602,
                    "std": 0.007423405719753135
                },
                "test": {
                    "folds": [
                        0.6041281392441119,
                        0.626931710169705,
                        0.5912602212562451,
                        0.6240269747687853,
                        0.596929285723727
                    ],
                    "mean": 0.6086552662325149,
                    "std": 0.01435896175704461
                }
            },