{
    "RF_SBERT": {
        "params": {
            "clf__criterion": "entropy",
            "clf__max_depth": 9,
            "clf__max_features": "log2",
            "clf__min_samples_leaf": 15,
            "clf__min_samples_split": 10,
            "clf__n_estimators": 700
        },
        "metrics": {
            "accuracy": {
                "train": {
                    "folds": [
                        0.9238035264483627,
                        0.9326620516047829,
                        0.9244808055380742,
                        0.9251101321585903,
                        0.92196349905601
                    ],
                    "mean": 0.925604002961164,
                    "std": 0.003682839009056761
                },
                "test": {
                    "folds": [
                        0.7412060301507538,
                        0.6876574307304786,
                        0.7128463476070529,
                        0.7153652392947103,
                        0.6952141057934509
                    ],
                    "mean": 0.7104578307152892,
                    "std": 0.018587462599240108
                }
            },
            "f1_weighted": {
                "train": {
                    "folds": [
                        0.9229186793128289,
                        0.9323491503387307,
                        0.9241329789627448,
                        0.9244718562971356,
                        0.9212553463462155
                    ],
                    "mean": 0.9250256022515311,
                    "std": 0.0038312327354107314
                },
                "test": {
                    "folds": [
                        0.7383352526659802,
                        0.6835570157634864,
                        0.7036480024105719,
                        0.7116016453499618,
                        0.6922612783482706
                    ],
                    "mean": 0.7058806389076542,
                    "std": 0.018840635164306292
                }
            },
            "precision_weighted": {
                "train": {
                    "folds": [
                        0.9292333630313023,
                        0.9383227585710207,
                        0.9320662896037337,
                        0.9310767349662268,
                        0.9283083327395694
                    ],
                    "mean": 0.9318014957823706,
                    "std": 0.0035190838648086606
                },
                "test": {
                    "folds": [
                        0.7758114729848453,
                        0.7485679152399154,
                        0.7541520192464776,
                        0.7659483044986117,
                        0.7362299153373438
                    ],
                    "mean": 0.7561419254614388,
                    "std": 0.013717650486569448
                }
            },
            "recall_weighted": {
                "train": {
                    "folds": [
                        0.9238035264483627,
                        0.9326620516047829,
                        0.9244808055380742,
                        0.9251101321585903,
                        0.92196349905601
                    ],
                    "mean": 0.925604002961164,
                    "std": 0.003682839009056761
                },
                "test": {
                    "folds": [
                        0.7412060301507538,
                        0.6876574307304786,
                        0.7128463476070529,
                        0.7153652392947103,
                        0.6952141057934509
                    ],
                    "mean": 0.7104578307152892,
                    "std": 0.018587462599240108
                }
            },
            "roc_auc_ovr_weighted": {
                "train": {
                    "folds": [
                        0.9977800811305684,
                        0.9980982226883618,
                        0.9981159283952975,
                        0.997976493316127,
                        0.9980375529085025
                    ],
                    "mean": 0.9980016556877714,
                    "std": 0.00012116144361229219
                },
                "test": {
                    "folds": [
                        0.9705756832155527,
                        0.9571455519010381,
                        0.9582885794506686,
                        0.9708501029844336,
                        0.9647405908160456
                    ],
                    "mean": 0.9643201016735479,
                    "std": 0.005827580174156434
                }
            }
        }
    },
    "LR_SBERT": {
        "params": {
            "clf__C": 1,
            "clf__penalty": "l2",
            "clf__solver": "lbfgs"
        },
        "metrics": {
            "accuracy": {
                "train": {
                    "folds": [
                        0.8211586901763224,
                        0.8338577721837633,
                        0.8162366268093141,
                        0.8200125865324103,
                        0.8256765261170548
                    ],
                    "mean": 0.8233884403637729,
                    "std": 0.006039186323973421
                },
                "test": {
                    "folds": [
                        0.7839195979899497,
                        0.72544080604534,
                        0.7556675062972292,
                        0.7455919395465995,
                        0.7581863979848866
                    ],
                    "mean": 0.753761249572801,
                    "std": 0.018981711621004312
                }
            },
            "f1_weighted": {
                "train": {
                    "folds": [
                        0.8255361256859898,
                        0.8376271839629252,
                        0.8206830085313479,
                        0.8241393577764461,
                        0.828806067488079
                    ],
                    "mean": 0.8273583486889576,
                    "std": 0.005758253780311958
                },
                "test": {
                    "folds": [
                        0.788618766484955,
                        0.7286712734276553,
                        0.759709517580473,
                        0.7565320507717666,
                        0.762909160941825
                    ],
                    "mean": 0.759288153841335,
                    "std": 0.01907125348931313
                }
            },
            "precision_weighted": {
                "train": {
                    "folds": [
                        0.8401514244108303,
                        0.850180215451147,
                        0.8361079151677789,
                        0.8384604580701781,
                        0.8410455112190961
                    ],
                    "mean": 0.8411891048638062,
                    "std": 0.004800030656203585
                },
                "test": {
                    "folds": [
                        0.8158894902887378,
                        0.7561123168591333,
                        0.7735899032209029,
                        0.7818627721558687,
                        0.7830677353223163
                    ],
                    "mean": 0.7821044435693918,
                    "std": 0.019444813016174463
                }
            },