{
    "TFIDF": {
        "params": {
            "clf__C": 0.1,
            "clf__coef0": 1.0,
            "clf__degree": 3,
            "clf__kernel": "poly"
        },
        "metrics": {
            "accuracy": {
                "train": {
                    "folds": [
                        0.982367758186398,
                        0.9830081812460667,
                        0.9811202013845186,
                        0.9786028949024543,
                        0.9804908747640025
                    ],
                    "mean": 0.981117982096688,
                    "std": 0.0015397223922036908
                },
                "test": {
                    "folds": [
                        0.6959798994974874,
                        0.6851385390428212,
                        0.654911838790932,
                        0.672544080604534,
                        0.6675062972292192
                    ],
                    "mean": 0.6752161310329987,
                    "std": 0.014201647339556752
                }
            },
            "f1_weighted": {
                "train": {
                    "folds": [
                        0.9822759696616937,
                        0.9828658897818877,
                        0.9809352362232345,
                        0.9785605991731742,
                        0.9804471462354389
                    ],
                    "mean": 0.9810169682150859,
                    "std": 0.0015078940068710789
                },
                "test": {
                    "folds": [
                        0.6899416955031119,
                        0.6822771815402651,
                        0.6519028833988133,
                        0.6670547933449569,
                        0.6599537246944053
                    ],
                    "mean": 0.6702260556963104,
                    "std": 0.014037467145150842
                }
            },
            "precision_weighted": {
                "train": {
                    "folds": [
                        0.9829491614637424,
                        0.9836612189819649,
                        0.9818838326642607,
                        0.9794536425349063,
                        0.9811591962295454
                    ],
                    "mean": 0.981821410374884,
                    "std": 0.0014632475449930286
                },
                "test": {
                    "folds": [
                        0.7140968301441383,
                        0.7181390274663353,
                        0.6831234718262427,
                        0.6899216072748138,
                        0.6876755495095347
                    ],
                    "mean": 0.698591297244213,
                    "std": 0.014533451092434882
                }
            },
            "recall_weighted": {
                "train": {
                    "folds": [
                        0.982367758186398,
                        0.9830081812460667,
                        0.9811202013845186,
                        0.9786028949024543,
                        0.9804908747640025
                    ],
                    "mean": 0.981117982096688,
                    "std": 0.0015397223922036908
                },
                "test": {
                    "folds": [
                        0.6959798994974874,
                        0.6851385390428212,
                        0.654911838790932,
                        0.672544080604534,
                        0.6675062972292192
                    ],
                    "mean": 0.6752161310329987,
                    "std": 0.014201647339556752
                }
            }
        }
    },
    "W2V": {
        "params": {
            "clf__C": 0.1,
            "clf__kernel": "linear"
        },
        "metrics": {
            "accuracy": {
                "train": {
                    "folds": [
                        0.7443324937027708,
                        0.7583385777218377,
                        0.7709251101321586,
                        0.7432347388294525,
                        0.748898678414097
                    ],
                    "mean": 0.7531459197600633,
                    "std": 0.01036349701937273
                },
                "test": {
                    "folds": [
                        0.6381909547738693,
                        0.6146095717884131,
                        0.5617128463476071,
                        0.6221662468513854,
                        0.5994962216624685
                    ],
                    "mean": 0.6072351682847488,
                    "std": 0.025952852408663008
                }
            },
            "f1_weighted": {
                "train": {
                    "folds": [
                        0.7413529471709444,
                        0.7574878950824373,
                        0.7683184327737201,
                        0.7422477845737709,
                        0.7485826629034154
                    ],
                    "mean": 0.7515979445008577,
                    "std": 0.010156216126100166
                },
                "test": {
                    "folds": [
                        0.633895098954456,
                        0.6152840019913993,
                        0.5641452500906023,
                        0.6272218098646645,
                        0.6001203395735941
                    ],
                    "mean": 0.6081333000949433,
                    "std": 0.024812618172292134
                }
            },
            "precision_weighted": {
                "train": {
                    "folds": [
                        0.7583391299119145,
                        0.7717681863481325,
                        0.7775470723831508,
                        0.7542711784713714,
                        0.7636946361075068
                    ],
                    "mean": 0.7651240406444152,
                    "std": 0.008536266373996062
                },
                "test": {
                    "folds": [
                        0.6406486987424426,
                        0.6420024894156927,
                        0.5815912382067845,
                        0.6460971798008892,
                        0.6271991448295312
                    ],
                    "mean": 0.627507750199068,
                    "std": 0.023819194769388263
                }
            },
            "recall_weighted": {
                "train": {
                    "folds": [
                        0.7443324937027708,
                        0.7583385777218377,
                        0.7709251101321586,
                        0.7432347388294525,
                        0.748898678414097
                    ],
                    "mean": 0.7531459197600633,
                    "std": 0.01036349701937273
                },
                "test": {
                    "folds": [
                        0.6381909547738693,
                        0.6146095717884131,
                        0.5617128463476071,
                        0.6221662468513854,
                        0.5994962216624685
                    ],
                    "mean": 0.6072351682847488,
                    "std": 0.025952852408663008
                }
            }
        }
    },
    "D2V": {
        "params": {
            "clf__C": 1,
            "clf__coef0": 1.0,
            "clf__degree": 2,
            "clf__kernel": "poly"
        },