{
    "TFIDF": {
        "params": {
            "clf__C": 0.4,
            "clf__kernel": "linear"
        },
        "metrics": {
            "accuracy": {
                "train": {
                    "folds": [
                        0.8602015113350125,
                        0.8678414096916299,
                        0.8735053492762744,
                        0.8577721837633732,
                        0.8640654499685336
                    ],
                    "mean": 0.8646771808069648,
                    "std": 0.005586299651288395
                },
                "test": {
                    "folds": [
                        0.6959798994974874,
                        0.6826196473551638,
                        0.6397984886649875,
                        0.6574307304785895,
                        0.6423173803526449
                    ],
                    "mean": 0.6636292292697745,
                    "std": 0.022215860697004913
                }
            },
            "f1_weighted": {
                "train": {
                    "folds": [
                        0.8599345952142639,
                        0.8670828906956182,
                        0.8722675152255814,
                        0.8579079606486483,
                        0.8623503761493793
                    ],
                    "mean": 0.863908667586698,
                    "std": 0.005180270907521989
                },
                "test": {
                    "folds": [
                        0.694097593653961,
                        0.6812973275978862,
                        0.6430380650586548,
                        0.6501111878886826,
                        0.6353389582309291
                    ],
                    "mean": 0.6607766264860228,
                    "std": 0.02283361178338454
                }
            },
            "precision_weighted": {
                "train": {
                    "folds": [
                        0.8765462570244628,
                        0.8803677246419734,
                        0.8887529364921165,
                        0.8750326528943242,
                        0.877325838657985
                    ],
                    "mean": 0.8796050819421722,
                    "std": 0.004893328805175755
                },
                "test": {
                    "folds": [
                        0.7287904500494786,
                        0.7276493837053298,
                        0.693269639680219,
                        0.6703848822667192,
                        0.6742802588138952
                    ],
                    "mean": 0.6988749229031284,
                    "std": 0.025182960413886752
                }
            },
            "recall_weighted": {
                "train": {
                    "folds": [
                        0.8602015113350125,
                        0.8678414096916299,
                        0.8735053492762744,
                        0.8577721837633732,
                        0.8640654499685336
                    ],
                    "mean": 0.8646771808069648,
                    "std": 0.005586299651288395
                },
                "test": {
                    "folds": [
                        0.6959798994974874,
                        0.6826196473551638,
                        0.6397984886649875,
                        0.6574307304785895,
                        0.6423173803526449
                    ],
                    "mean": 0.6636292292697745,
                    "std": 0.022215860697004913
                }
            }
        }
    },
    "W2V": {
        "params": {
            "clf__C": 1,
            "clf__coef0": 1.2,
            "clf__degree": 2,
            "clf__kernel": "poly"
        },
        "metrics": {
            "accuracy": {
                "train": {
                    "folds": [
                        0.7600755667506297,
                        0.7734424166142227,
                        0.775959723096287,
                        0.763373190685966,
                        0.7671491504090623
                    ],
                    "mean": 0.7680000095112336,
                    "std": 0.005964981846584896
                },
                "test": {
                    "folds": [
                        0.6432160804020101,
                        0.6221662468513854,
                        0.5642317380352645,
                        0.5994962216624685,
                        0.6120906801007556
                    ],
                    "mean": 0.6082401934103768,
                    "std": 0.02624985740714636
                }
            },
            "f1_weighted": {
                "train": {
                    "folds": [
                        0.7583021938580273,
                        0.7706028023119059,
                        0.7740777522757158,
                        0.7614046218919827,
                        0.767689779905223
                    ],
                    "mean": 0.7664154300485709,
                    "std": 0.005810370656114348
                },
                "test": {
                    "folds": [
                        0.6422598111348005,
                        0.6196734596331185,
                        0.5684717094863255,
                        0.5970640184109695,
                        0.6140618052644975
                    ],
                    "mean": 0.6083061607859422,
                    "std": 0.02461041476276965
                }
            },
            "precision_weighted": {
                "train": {
                    "folds": [
                        0.7770061876010668,
                        0.7828474586805646,
                        0.7908694686879506,
                        0.7779822181363698,
                        0.788141463874681
                    ],
                    "mean": 0.7833693593961265,
                    "std": 0.005455423854229233
                },
                "test": {
                    "folds": [
                        0.6598321890731521,
                        0.646988548338886,
                        0.5931715725420056,
                        0.6150218450808402,
                        0.6474029492612833
                    ],
                    "mean": 0.6324834208592336,
                    "std": 0.02462224287322538
                }
            },
            "recall_weighted": {
                "train": {
                    "folds": [
                        0.7600755667506297,
                        0.7734424166142227,
                        0.775959723096287,
                        0.763373190685966,
                        0.7671491504090623
                    ],
                    "mean": 0.7680000095112336,
                    "std": 0.005964981846584896
                },
                "test": {
                    "folds": [
                        0.6432160804020101,
                        0.6221662468513854,
                        0.5642317380352645,
                        0.5994962216624685,
                        0.6120906801007556
                    ],
                    "mean": 0.6082401934103768,
                    "std": 0.02624985740714636
                }
            }
        }
    },
    "D2V": {
        "params": {
            "clf__C": 0.01,
            "clf__kernel": "linear"
        },