{
    "TFIDF": {
        "params": {
            "clf__C": 0.4,
            "clf__kernel": "linear"
        },
        "metrics": {
            "accuracy": {
                "train": {
                    "folds": [
                        0.8602015113350125,
                        0.8678414096916299,
                        0.8735053492762744,
                        0.8577721837633732,
                        0.8640654499685336
                    ],
                    "mean": 0.8646771808069648,
                    "std": 0.005586299651288395
                },
                "test": {
                    "folds": [
                        0.6959798994974874,
                        0.6826196473551638,
                        0.6397984886649875,
                        0.6574307304785895,
                        0.6423173803526449
                    ],
                    "mean": 0.6636292292697745,
                    "std": 0.022215860697004913
                }
            },
            "f1_weighted": {
                "train": {
                    "folds": [
                        0.8599345952142639,
                        0.8670828906956182,
                        0.8722675152255814,
                        0.8579079606486483,
                        0.8623503761493793
                    ],
                    "mean": 0.863908667586698,
                    "std": 0.005180270907521989
                },
                "test": {
                    "folds": [
                        0.694097593653961,
                        0.6812973275978862,
                        0.6430380650586548,
                        0.6501111878886826,
                        0.6353389582309291
                    ],
                    "mean": 0.6607766264860228,
                    "std": 0.02283361178338454
                }
            },
            "precision_weighted": {
                "train": {
                    "folds": [
                        0.8765462570244628,
                        0.8803677246419734,
                        0.8887529364921165,
                        0.8750326528943242,
                        0.877325838657985
                    ],
                    "mean": 0.8796050819421722,
                    "std": 0.004893328805175755
                },
                "test": {
                    "folds": [
                        0.7287904500494786,
                        0.7276493837053298,
                        0.693269639680219,
                        0.6703848822667192,
                        0.6742802588138952
                    ],
                    "mean": 0.6988749229031284,
                    "std": 0.025182960413886752
                }
            },
            "recall_weighted": {
                "train": {
                    "folds": [
                        0.8602015113350125,
                        0.8678414096916299,
                        0.8735053492762744,
                        0.8577721837633732,
                        0.8640654499685336
                    ],
                    "mean": 0.8646771808069648,
                    "std": 0.005586299651288395
                },
                "test": {
                    "folds": [
                        0.6959798994974874,
                        0.6826196473551638,
                        0.6397984886649875,
                        0.6574307304785895,
                        0.6423173803526449
                    ],
                    "mean": 0.6636292292697745,
                    "std": 0.022215860697004913
                }
            },
            "roc_auc_ovr_weighted": {
                "train": {
                    "folds": [
                        0.996079346800386,
                        0.9963102817923408,
                        0.9962302253379719,
                        0.9957265977807991,
                        0.9961581236309469
                    ],
                    "mean": 0.996100915068489,
                    "std": 0.00020219149958451997
                },
                "test": {
                    "folds": [
                        0.9630830395492136,
                        0.9612488767607246,
                        0.9591069594704676,
                        0.9684902082699226,
                        0.9631282527367876
                    ],
                    "mean": 0.9630114673574232,
                    "std": 0.003110860679639457
                }
            }
        }
    },
    "W2V": {
        "params": {
            "clf__C": 1,
            "clf__coef0": 1.0,
            "clf__degree": 2,
            "clf__kernel": "poly"
        },
        "metrics": {
            "accuracy": {
                "train": {
                    "folds": [
                        0.7506297229219143,
                        0.7671491504090623,
                        0.7747010698552549,
                        0.7526746381371932,
                        0.7577092511013216
                    ],
                    "mean": 0.7605727664849493,
                    "std": 0.009080771428541003
                },
                "test": {
                    "folds": [
                        0.6457286432160804,
                        0.6272040302267002,
                        0.5440806045340051,
                        0.6196473551637279,
                        0.6020151133501259
                    ],
                    "mean": 0.6077351492981279,
                    "std": 0.034782361718730385
                }
            },
            "f1_weighted": {
                "train": {
                    "folds": [
                        0.7494709979596583,
                        0.7650461924463756,
                        0.7721693769964741,
                        0.7504515536106382,
                        0.7577593036830548
                    ],
                    "mean": 0.7589794849392402,
                    "std": 0.008664917450764227
                },
                "test": {
                    "folds": [
                        0.642628975512431,
                        0.6273723067218181,
                        0.5518659484410904,
                        0.619358810334339,
                        0.6031645129264218
                    ],
                    "mean": 0.6088781107872201,
                    "std": 0.031221893190068208
                }
            },
            "precision_weighted": {
                "train": {
                    "folds": [
                        0.7686787297417137,
                        0.7812284262600901,
                        0.7883714105624331,
                        0.771324153910503,
                        0.7810440979698503
                    ],
                    "mean": 0.7781293636889182,
                    "std": 0.007192005993324084
                },
                "test": {
                    "folds": [
                        0.6586409688008807,
                        0.6587420606479452,
                        0.5831189080343926,
                        0.6349029614410169,
                        0.6516865406325832
                    ],
                    "mean": 0.6374182879113637,
                    "std": 0.028507676249923553
                }
            },
            "recall_weighted": {
                "train": {
                    "folds": [
                        0.7506297229219143,
                        0.7671491504090623,
                        0.7747010698552549,
                        0.7526746381371932,
                        0.7577092511013216
                    ],
                    "mean": 0.7605727664849493,
                    "std": 0.009080771428541003
                },