{
    "TFIDF": {
        "params": {
            "clf__C": 1,
            "clf__penalty": "l1",
            "clf__solver": "saga"
        },
        "metrics": {
            "accuracy": {
                "train": {
                    "folds": [
                        0.7493702770780857,
                        0.7608558842039018,
                        0.7608558842039018,
                        0.7740717432347388,
                        0.7589679043423537
                    ],
                    "mean": 0.7608243386125964,
                    "std": 0.007875755116907983
                },
                "test": {
                    "folds": [
                        0.7713567839195979,
                        0.7405541561712846,
                        0.7128463476070529,
                        0.7204030226700252,
                        0.7103274559193955
                    ],
                    "mean": 0.7310975532574713,
                    "std": 0.022755700067405918
                }
            },
            "f1_weighted": {
                "train": {
                    "folds": [
                        0.7563706349284067,
                        0.7673142767013238,
                        0.766827574068349,
                        0.7774764151097071,
                        0.765794618357144
                    ],
                    "mean": 0.7667567038329862,
                    "std": 0.006693641097392706
                },
                "test": {
                    "folds": [
                        0.7789891372991171,
                        0.7457594831727962,
                        0.7154516606811654,
                        0.7281358251112348,
                        0.7148683607293131
                    ],
                    "mean": 0.7366408933987253,
                    "std": 0.023966165273106466
                }
            },
            "precision_weighted": {
                "train": {
                    "folds": [
                        0.773082451727272,
                        0.7839874631608688,
                        0.7829202568509844,
                        0.7885806398126041,
                        0.7845840874680614
                    ],
                    "mean": 0.782630979803958,
                    "std": 0.0051441461974721416
                },
                "test": {
                    "folds": [
                        0.8043137422238812,
                        0.7735052068398817,
                        0.725482969863596,
                        0.7490379263555086,
                        0.7336862443886097
                    ],
                    "mean": 0.7572052179342955,
                    "std": 0.028674206144544988
                }
            },
            "recall_weighted": {
                "train": {
                    "folds": [
                        0.7493702770780857,
                        0.7608558842039018,
                        0.7608558842039018,
                        0.7740717432347388,
                        0.7589679043423537
                    ],
                    "mean": 0.7608243386125964,
                    "std": 0.007875755116907983
                },
                "test": {
                    "folds": [
                        0.7713567839195979,
                        0.7405541561712846,
                        0.7128463476070529,
                        0.7204030226700252,
                        0.7103274559193955
                    ],
                    "mean": 0.7310975532574713,
                    "std": 0.022755700067405918
                }
            },
            "roc_auc_ovr_weighted": {
                "train": {
                    "folds": [
                        0.975811841158686,
                        0.9781372883142754,
                        0.9796347475308074,
                        0.9768349429964017,
                        0.9789204482198134
                    ],
                    "mean": 0.9778678536439968,
                    "std": 0.0013853920842493853
                },
                "test": {
                    "folds": [
                        0.9762153625480942,
                        0.9738525693493512,
                        0.9625932125716403,
                        0.9743364090560727,
                        0.9672361356722428
                    ],
                    "mean": 0.9708467378394803,
                    "std": 0.005122344909990314
                }
            }
        }
    },
    "W2V": {
        "params": {
            "clf__C": 0.1,
            "clf__penalty": "l2",
            "clf__solver": "lbfgs"
        },
        "metrics": {
            "accuracy": {
                "train": {
                    "folds": [
                        0.6870277078085643,
                        0.7035871617369415,
                        0.7016991818753934,
                        0.7048458149779736,
                        0.7016991818753934
                    ],
                    "mean": 0.6997718096548533,
                    "std": 0.0064829638399570705
                },
                "test": {
                    "folds": [
                        0.6482412060301508,
                        0.6221662468513854,
                        0.5566750629722922,
                        0.6196473551637279,
                        0.5969773299748111
                    ],
                    "mean": 0.6087414401984734,
                    "std": 0.030687775554667562
                }
            },
            "f1_weighted": {
                "train": {
                    "folds": [
                        0.6893872302857349,
                        0.7078850247804638,
                        0.7038072236574661,
                        0.7072867840599012,
                        0.7024095537502739
                    ],
                    "mean": 0.702155163306768,
                    "std": 0.0067078905117989775
                },
                "test": {
                    "folds": [
                        0.647034597973641,
                        0.6263846918443966,
                        0.5713671342512683,
                        0.6250752976588828,
                        0.5963781834020607
                    ],
                    "mean": 0.6132479810260498,
                    "std": 0.026429489109963865
                }
            },
            "precision_weighted": {
                "train": {
                    "folds": [
                        0.7113587552833835,
                        0.7283906269792454,
                        0.7250531593583758,
                        0.7251294022209505,
                        0.7209231704335909
                    ],
                    "mean": 0.7221710228551093,
                    "std": 0.005902617393413675
                },
                "test": {
                    "folds": [
                        0.6566347048393258,
                        0.6588295326808244,
                        0.6065238131698271,
                        0.6513444084306058,
                        0.62061027326244
                    ],
                    "mean": 0.6387885464766045,
                    "std": 0.02120961479216105
                }
            },
            "recall_weighted": {
                "train": {
                    "folds": [
                        0.6870277078085643,
                        0.7035871617369415,
                        0.7016991818753934,
                        0.7048458149779736,
                        0.7016991818753934
                    ],
                    "mean": 0.6997718096548533,
                    "std": 0.0064829638399570705
                },