{
    "TFIDF": {
        "params": {
            "clf__C": 1,
            "clf__penalty": "l1",
            "clf__solver": "saga"
        },
        "metrics": {
            "accuracy": {
                "train": {
                    "folds": [
                        0.7493702770780857,
                        0.7608558842039018,
                        0.7608558842039018,
                        0.7740717432347388,
                        0.7589679043423537
                    ],
                    "mean": 0.7608243386125964,
                    "std": 0.007875755116907983
                },
                "test": {
                    "folds": [
                        0.7713567839195979,
                        0.7405541561712846,
                        0.7128463476070529,
                        0.7204030226700252,
                        0.7103274559193955
                    ],
                    "mean": 0.7310975532574713,
                    "std": 0.022755700067405918
                }
            },
            "f1_weighted": {
                "train": {
                    "folds": [
                        0.7563706349284067,
                        0.7673142767013238,
                        0.766827574068349,
                        0.7774764151097071,
                        0.765794618357144
                    ],
                    "mean": 0.7667567038329862,
                    "std": 0.006693641097392706
                },
                "test": {
                    "folds": [
                        0.7789891372991171,
                        0.7457594831727962,
                        0.7154516606811654,
                        0.7281358251112348,
                        0.7148683607293131
                    ],
                    "mean": 0.7366408933987253,
                    "std": 0.023966165273106466
                }
            },
            "precision_weighted": {
                "train": {
                    "folds": [
                        0.773082451727272,
                        0.7839874631608688,
                        0.7829202568509844,
                        0.7885806398126041,
                        0.7845840874680614
                    ],
                    "mean": 0.782630979803958,
                    "std": 0.0051441461974721416
                },
                "test": {
                    "folds": [
                        0.8043137422238812,
                        0.7735052068398817,
                        0.725482969863596,
                        0.7490379263555086,
                        0.7336862443886097
                    ],
                    "mean": 0.7572052179342955,
                    "std": 0.028674206144544988
                }
            },
            "recall_weighted": {
                "train": {
                    "folds": [
                        0.7493702770780857,
                        0.7608558842039018,
                        0.7608558842039018,
                        0.7740717432347388,
                        0.7589679043423537
                    ],
                    "mean": 0.7608243386125964,
                    "std": 0.007875755116907983
                },
                "test": {
                    "folds": [
                        0.7713567839195979,
                        0.7405541561712846,
                        0.7128463476070529,
                        0.7204030226700252,
                        0.7103274559193955
                    ],
                    "mean": 0.7310975532574713,
                    "std": 0.022755700067405918
                }
            }
        }
    },
    "W2V": {
        "params": {
            "clf__C": 0.1,
            "clf__penalty": "l2",
            "clf__solver": "lbfgs"
        },
        "metrics": {
            "accuracy": {
                "train": {
                    "folds": [
                        0.6851385390428212,
                        0.7048458149779736,
                        0.7029578351164254,
                        0.6985525487728131,
                        0.7092511013215859
                    ],
                    "mean": 0.7001491678463239,
                    "std": 0.008254216724122417
                },
                "test": {
                    "folds": [
                        0.6457286432160804,
                        0.6272040302267002,
                        0.5617128463476071,
                        0.6221662468513854,
                        0.6020151133501259
                    ],
                    "mean": 0.6117653759983799,
                    "std": 0.02863688888526436
                }
            },
            "f1_weighted": {
                "train": {
                    "folds": [
                        0.6868376056418,
                        0.7077512833644451,
                        0.70523664721481,
                        0.7018511125526905,
                        0.710347607994105
                    ],
                    "mean": 0.7024048513535701,
                    "std": 0.008274497589674334
                },
                "test": {
                    "folds": [
                        0.6441719955811328,
                        0.6323706478982201,
                        0.571308948296761,
                        0.6302718100390892,
                        0.606910919664781
                    ],
                    "mean": 0.6170068642959968,
                    "std": 0.025846379299822975
                }
            },
            "precision_weighted": {
                "train": {
                    "folds": [
                        0.7066669144376795,
                        0.7241964434828787,
                        0.7259226807792806,
                        0.717184515636527,
                        0.7287152612867924
                    ],
                    "mean": 0.7205371631246316,
                    "std": 0.007910745432841565
                },
                "test": {
                    "folds": [
                        0.6568105765455946,
                        0.667450840216981,
                        0.6033892237310758,
                        0.6567326512827023,
                        0.6331886721486782
                    ],
                    "mean": 0.6435143927850063,
                    "std": 0.022983098460551056
                }
            },
            "recall_weighted": {
                "train": {
                    "folds": [
                        0.6851385390428212,
                        0.7048458149779736,
                        0.7029578351164254,
                        0.6985525487728131,
                        0.7092511013215859
                    ],
                    "mean": 0.7001491678463239,
                    "std": 0.008254216724122417
                },
                "test": {
                    "folds": [
                        0.6457286432160804,
                        0.6272040302267002,
                        0.5617128463476071,
                        0.6221662468513854,
                        0.6020151133501259
                    ],
                    "mean": 0.6117653759983799,
                    "std": 0.02863688888526436
                }
            }
        }
    },
    "SBERT": {
        "params": {
            "clf__C": 1,
            "clf__penalty": "l2",
            "clf__solver": "lbfgs"
        },